,model,parameters,cross_k,top_k,precision,recall,AUC ROC
0,KNN,"{'k': 5, 'weights': 'uniform', 'metric': 'euclidean'}",1,0.01,0.4583333333333333,0.01139240506329114,0.5794958072069437
1,KNN,"{'k': 5, 'weights': 'uniform', 'metric': 'euclidean'}",1,0.05,0.4583333333333333,0.01139240506329114,0.5794958072069437
2,KNN,"{'k': 5, 'weights': 'uniform', 'metric': 'euclidean'}",1,0.1,0.3856554967666079,0.07548906789413118,0.5794958072069437
3,KNN,"{'k': 5, 'weights': 'uniform', 'metric': 'euclidean'}",1,0.2,0.3856554967666079,0.07548906789413118,0.5794958072069437
4,KNN,"{'k': 5, 'weights': 'uniform', 'metric': 'euclidean'}",1,0.3,0.3411061285500747,0.2626006904487917,0.5794958072069437
5,KNN,"{'k': 5, 'weights': 'uniform', 'metric': 'manhattan'}",1,0.01,0.4583333333333333,0.01139240506329114,0.5794958072069437
6,KNN,"{'k': 5, 'weights': 'uniform', 'metric': 'manhattan'}",1,0.05,0.4583333333333333,0.01139240506329114,0.5794958072069437
7,KNN,"{'k': 5, 'weights': 'uniform', 'metric': 'manhattan'}",1,0.1,0.3856554967666079,0.07548906789413118,0.5794958072069437
8,KNN,"{'k': 5, 'weights': 'uniform', 'metric': 'manhattan'}",1,0.2,0.3856554967666079,0.07548906789413118,0.5794958072069437
9,KNN,"{'k': 5, 'weights': 'uniform', 'metric': 'manhattan'}",1,0.3,0.3411061285500747,0.2626006904487917,0.5794958072069437
10,KNN,"{'k': 5, 'weights': 'uniform', 'metric': 'minkowski'}",1,0.01,0.4583333333333333,0.01139240506329114,0.5794958072069437
11,KNN,"{'k': 5, 'weights': 'uniform', 'metric': 'minkowski'}",1,0.05,0.4583333333333333,0.01139240506329114,0.5794958072069437
12,KNN,"{'k': 5, 'weights': 'uniform', 'metric': 'minkowski'}",1,0.1,0.3856554967666079,0.07548906789413118,0.5794958072069437
13,KNN,"{'k': 5, 'weights': 'uniform', 'metric': 'minkowski'}",1,0.2,0.3856554967666079,0.07548906789413118,0.5794958072069437
14,KNN,"{'k': 5, 'weights': 'uniform', 'metric': 'minkowski'}",1,0.3,0.3411061285500747,0.2626006904487917,0.5794958072069437
15,KNN,"{'k': 5, 'weights': 'distance', 'metric': 'euclidean'}",1,0.01,0.0,0.0,0.5793707718064262
16,KNN,"{'k': 5, 'weights': 'distance', 'metric': 'euclidean'}",1,0.05,0.37221888153938665,0.0712313003452244,0.5793707718064262
17,KNN,"{'k': 5, 'weights': 'distance', 'metric': 'euclidean'}",1,0.1,0.35686155710390793,0.13555811277330265,0.5793707718064262
18,KNN,"{'k': 5, 'weights': 'distance', 'metric': 'euclidean'}",1,0.2,0.3399548532731377,0.2599539700805524,0.5793707718064262
19,KNN,"{'k': 5, 'weights': 'distance', 'metric': 'euclidean'}",1,0.3,0.32895660018041495,0.3776754890678941,0.5793707718064262
20,KNN,"{'k': 5, 'weights': 'distance', 'metric': 'manhattan'}",1,0.01,0.0,0.0,0.579223818399898
21,KNN,"{'k': 5, 'weights': 'distance', 'metric': 'manhattan'}",1,0.05,0.3734215273601924,0.0714614499424626,0.579223818399898
22,KNN,"{'k': 5, 'weights': 'distance', 'metric': 'manhattan'}",1,0.1,0.3617547111523015,0.13475258918296892,0.579223818399898
23,KNN,"{'k': 5, 'weights': 'distance', 'metric': 'manhattan'}",1,0.2,0.3391461214672279,0.25960874568469505,0.579223818399898
24,KNN,"{'k': 5, 'weights': 'distance', 'metric': 'manhattan'}",1,0.3,0.32919130173364064,0.37802071346375143,0.579223818399898
25,KNN,"{'k': 5, 'weights': 'distance', 'metric': 'minkowski'}",1,0.01,0.0,0.0,0.5793707718064262
26,KNN,"{'k': 5, 'weights': 'distance', 'metric': 'minkowski'}",1,0.05,0.37221888153938665,0.0712313003452244,0.5793707718064262
27,KNN,"{'k': 5, 'weights': 'distance', 'metric': 'minkowski'}",1,0.1,0.35686155710390793,0.13555811277330265,0.5793707718064262
28,KNN,"{'k': 5, 'weights': 'distance', 'metric': 'minkowski'}",1,0.2,0.3399548532731377,0.2599539700805524,0.5793707718064262
29,KNN,"{'k': 5, 'weights': 'distance', 'metric': 'minkowski'}",1,0.3,0.32895660018041495,0.3776754890678941,0.5793707718064262
30,KNN,"{'k': 10, 'weights': 'uniform', 'metric': 'euclidean'}",1,0.01,0.38271604938271603,0.010701956271576525,0.5980924007700492
31,KNN,"{'k': 10, 'weights': 'uniform', 'metric': 'euclidean'}",1,0.05,0.39352306182531893,0.04614499424626007,0.5980924007700492
32,KNN,"{'k': 10, 'weights': 'uniform', 'metric': 'euclidean'}",1,0.1,0.3797552100562355,0.13210586881472958,0.5980924007700492
33,KNN,"{'k': 10, 'weights': 'uniform', 'metric': 'euclidean'}",1,0.2,0.3797552100562355,0.13210586881472958,0.5980924007700492
34,KNN,"{'k': 10, 'weights': 'uniform', 'metric': 'euclidean'}",1,0.3,0.34627126035761013,0.27410817031070195,0.5980924007700492
35,KNN,"{'k': 10, 'weights': 'uniform', 'metric': 'manhattan'}",1,0.01,0.38271604938271603,0.010701956271576525,0.5980924007700492
36,KNN,"{'k': 10, 'weights': 'uniform', 'metric': 'manhattan'}",1,0.05,0.39352306182531893,0.04614499424626007,0.5980924007700492
37,KNN,"{'k': 10, 'weights': 'uniform', 'metric': 'manhattan'}",1,0.1,0.3797552100562355,0.13210586881472958,0.5980924007700492
38,KNN,"{'k': 10, 'weights': 'uniform', 'metric': 'manhattan'}",1,0.2,0.3797552100562355,0.13210586881472958,0.5980924007700492
39,KNN,"{'k': 10, 'weights': 'uniform', 'metric': 'manhattan'}",1,0.3,0.34627126035761013,0.27410817031070195,0.5980924007700492
40,KNN,"{'k': 10, 'weights': 'uniform', 'metric': 'minkowski'}",1,0.01,0.38271604938271603,0.010701956271576525,0.5980924007700492
41,KNN,"{'k': 10, 'weights': 'uniform', 'metric': 'minkowski'}",1,0.05,0.39352306182531893,0.04614499424626007,0.5980924007700492
42,KNN,"{'k': 10, 'weights': 'uniform', 'metric': 'minkowski'}",1,0.1,0.3797552100562355,0.13210586881472958,0.5980924007700492
43,KNN,"{'k': 10, 'weights': 'uniform', 'metric': 'minkowski'}",1,0.2,0.3797552100562355,0.13210586881472958,0.5980924007700492
44,KNN,"{'k': 10, 'weights': 'uniform', 'metric': 'minkowski'}",1,0.3,0.34627126035761013,0.27410817031070195,0.5980924007700492
45,KNN,"{'k': 10, 'weights': 'distance', 'metric': 'euclidean'}",1,0.01,0.33534743202416917,0.012773302646720368,0.5960151716704469
46,KNN,"{'k': 10, 'weights': 'distance', 'metric': 'euclidean'}",1,0.05,0.37084089534180276,0.07054085155350978,0.5960151716704469
47,KNN,"{'k': 10, 'weights': 'distance', 'metric': 'euclidean'}",1,0.1,0.3707155742633794,0.1418872266973533,0.5960151716704469
48,KNN,"{'k': 10, 'weights': 'distance', 'metric': 'euclidean'}",1,0.2,0.34444276881315034,0.2628308400460299,0.5960151716704469
49,KNN,"{'k': 10, 'weights': 'distance', 'metric': 'euclidean'}",1,0.3,0.3353707414829659,0.3851553509781358,0.5960151716704469
50,KNN,"{'k': 10, 'weights': 'distance', 'metric': 'manhattan'}",1,0.01,0.33433734939759036,0.012773302646720368,0.5957659857360436
51,KNN,"{'k': 10, 'weights': 'distance', 'metric': 'manhattan'}",1,0.05,0.3716012084592145,0.07077100115074798,0.5957659857360436
52,KNN,"{'k': 10, 'weights': 'distance', 'metric': 'manhattan'}",1,0.1,0.3634996993385448,0.1391254315304948,0.5957659857360436
53,KNN,"{'k': 10, 'weights': 'distance', 'metric': 'manhattan'}",1,0.2,0.3449571621824741,0.26409666283084005,0.5957659857360436
54,KNN,"{'k': 10, 'weights': 'distance', 'metric': 'manhattan'}",1,0.3,0.33599585062240667,0.37272727272727274,0.5957659857360436
55,KNN,"{'k': 10, 'weights': 'distance', 'metric': 'minkowski'}",1,0.01,0.33534743202416917,0.012773302646720368,0.5960151716704469
56,KNN,"{'k': 10, 'weights': 'distance', 'metric': 'minkowski'}",1,0.05,0.37084089534180276,0.07054085155350978,0.5960151716704469
57,KNN,"{'k': 10, 'weights': 'distance', 'metric': 'minkowski'}",1,0.1,0.3707155742633794,0.1418872266973533,0.5960151716704469
58,KNN,"{'k': 10, 'weights': 'distance', 'metric': 'minkowski'}",1,0.2,0.34444276881315034,0.2628308400460299,0.5960151716704469
59,KNN,"{'k': 10, 'weights': 'distance', 'metric': 'minkowski'}",1,0.3,0.3353707414829659,0.3851553509781358,0.5960151716704469
60,decision_tree,"{'criterion': 'gini', 'max_depth': 20}",1,0.01,0.0,0.0,0.5694049379584423
61,decision_tree,"{'criterion': 'gini', 'max_depth': 20}",1,0.05,0.0,0.0,0.5694049379584423
62,decision_tree,"{'criterion': 'gini', 'max_depth': 20}",1,0.1,0.0,0.0,0.5694049379584423
63,decision_tree,"{'criterion': 'gini', 'max_depth': 20}",1,0.2,0.30386071158213473,0.23095512082853856,0.5694049379584423
64,decision_tree,"{'criterion': 'gini', 'max_depth': 20}",1,0.3,0.3192574459404325,0.36018411967779057,0.5694049379584423
65,decision_tree,"{'criterion': 'gini', 'max_depth': 30}",1,0.01,0.0,0.0,0.543609453390727
66,decision_tree,"{'criterion': 'gini', 'max_depth': 30}",1,0.05,0.0,0.0,0.543609453390727
67,decision_tree,"{'criterion': 'gini', 'max_depth': 30}",1,0.1,0.0,0.0,0.543609453390727
68,decision_tree,"{'criterion': 'gini', 'max_depth': 30}",1,0.2,0.0,0.0,0.543609453390727
69,decision_tree,"{'criterion': 'gini', 'max_depth': 30}",1,0.3,0.3039136574541053,0.3467203682393556,0.543609453390727
70,decision_tree,"{'criterion': 'gini', 'max_depth': 40}",1,0.01,0.0,0.0,0.5428926622598436
71,decision_tree,"{'criterion': 'gini', 'max_depth': 40}",1,0.05,0.0,0.0,0.5428926622598436
72,decision_tree,"{'criterion': 'gini', 'max_depth': 40}",1,0.1,0.0,0.0,0.5428926622598436
73,decision_tree,"{'criterion': 'gini', 'max_depth': 40}",1,0.2,0.0,0.0,0.5428926622598436
74,decision_tree,"{'criterion': 'gini', 'max_depth': 40}",1,0.3,0.0,0.0,0.5428926622598436
75,decision_tree,"{'criterion': 'entropy', 'max_depth': 20}",1,0.01,0.0,0.0,0.5756569022804324
76,decision_tree,"{'criterion': 'entropy', 'max_depth': 20}",1,0.05,0.0,0.0,0.5756569022804324
77,decision_tree,"{'criterion': 'entropy', 'max_depth': 20}",1,0.1,0.0,0.0,0.5756569022804324
78,decision_tree,"{'criterion': 'entropy', 'max_depth': 20}",1,0.2,0.3056016910765514,0.23291139240506328,0.5756569022804324
79,decision_tree,"{'criterion': 'entropy', 'max_depth': 20}",1,0.3,0.3326549302940877,0.3761795166858458,0.5756569022804324
80,decision_tree,"{'criterion': 'entropy', 'max_depth': 30}",1,0.01,0.0,0.0,0.5504848624367139
81,decision_tree,"{'criterion': 'entropy', 'max_depth': 30}",1,0.05,0.0,0.0,0.5504848624367139
82,decision_tree,"{'criterion': 'entropy', 'max_depth': 30}",1,0.1,0.0,0.0,0.5504848624367139
83,decision_tree,"{'criterion': 'entropy', 'max_depth': 30}",1,0.2,0.0,0.0,0.5504848624367139
84,decision_tree,"{'criterion': 'entropy', 'max_depth': 30}",1,0.3,0.3064117710235206,0.3283084004602992,0.5504848624367139
85,decision_tree,"{'criterion': 'entropy', 'max_depth': 40}",1,0.01,0.0,0.0,0.5398308294182665
86,decision_tree,"{'criterion': 'entropy', 'max_depth': 40}",1,0.05,0.0,0.0,0.5398308294182665
87,decision_tree,"{'criterion': 'entropy', 'max_depth': 40}",1,0.1,0.0,0.0,0.5398308294182665
88,decision_tree,"{'criterion': 'entropy', 'max_depth': 40}",1,0.2,0.0,0.0,0.5398308294182665
89,decision_tree,"{'criterion': 'entropy', 'max_depth': 40}",1,0.3,0.3015075376884422,0.34522439585730724,0.5398308294182665
90,logistic_reg,"{'C': 0.01, 'penalty': 'l1', 'fit_intercept': True, 'seed': 1234}",1,0.01,0.5091463414634146,0.019217491369390105,0.6602782456100432
91,logistic_reg,"{'C': 0.01, 'penalty': 'l1', 'fit_intercept': True, 'seed': 1234}",1,0.05,0.4624173180998196,0.08849252013808975,0.6602782456100432
92,logistic_reg,"{'C': 0.01, 'penalty': 'l1', 'fit_intercept': True, 'seed': 1234}",1,0.1,0.4306766917293233,0.16478711162255466,0.6602782456100432
93,logistic_reg,"{'C': 0.01, 'penalty': 'l1', 'fit_intercept': True, 'seed': 1234}",1,0.2,0.40312876052948254,0.3084004602991945,0.6602782456100432
94,logistic_reg,"{'C': 0.01, 'penalty': 'l1', 'fit_intercept': True, 'seed': 1234}",1,0.3,0.38398233641107987,0.44027617951668585,0.6602782456100432
95,logistic_reg,"{'C': 0.01, 'penalty': 'l1', 'fit_intercept': False, 'seed': 1234}",1,0.01,0.5384615384615384,0.020138089758342925,0.6595643806254284
96,logistic_reg,"{'C': 0.01, 'penalty': 'l1', 'fit_intercept': False, 'seed': 1234}",1,0.05,0.45057610673135234,0.0855005753739931,0.6595643806254284
97,logistic_reg,"{'C': 0.01, 'penalty': 'l1', 'fit_intercept': False, 'seed': 1234}",1,0.1,0.42160698164309357,0.16121979286536248,0.6595643806254284
98,logistic_reg,"{'C': 0.01, 'penalty': 'l1', 'fit_intercept': False, 'seed': 1234}",1,0.2,0.4010228640192539,0.30678941311852703,0.6595643806254284
99,logistic_reg,"{'C': 0.01, 'penalty': 'l1', 'fit_intercept': False, 'seed': 1234}",1,0.3,0.3816633266533066,0.4383199079401611,0.6595643806254284
100,logistic_reg,"{'C': 0.01, 'penalty': 'l2', 'fit_intercept': True, 'seed': 1234}",1,0.01,0.5196374622356495,0.019792865362485614,0.6626739119921012
101,logistic_reg,"{'C': 0.01, 'penalty': 'l2', 'fit_intercept': True, 'seed': 1234}",1,0.05,0.4696331930246542,0.08987341772151898,0.6626739119921012
102,logistic_reg,"{'C': 0.01, 'penalty': 'l2', 'fit_intercept': True, 'seed': 1234}",1,0.1,0.4380637402285027,0.16766398158803222,0.6626739119921012
103,logistic_reg,"{'C': 0.01, 'penalty': 'l2', 'fit_intercept': True, 'seed': 1234}",1,0.2,0.4187584548324064,0.32059838895281934,0.6626739119921012
104,logistic_reg,"{'C': 0.01, 'penalty': 'l2', 'fit_intercept': True, 'seed': 1234}",1,0.3,0.3905811623246493,0.44856156501726124,0.6626739119921012
105,logistic_reg,"{'C': 0.01, 'penalty': 'l2', 'fit_intercept': False, 'seed': 1234}",1,0.01,0.5180722891566265,0.019792865362485614,0.662466998337153
106,logistic_reg,"{'C': 0.01, 'penalty': 'l2', 'fit_intercept': False, 'seed': 1234}",1,0.05,0.4672279013830427,0.08941311852704258,0.662466998337153
107,logistic_reg,"{'C': 0.01, 'penalty': 'l2', 'fit_intercept': False, 'seed': 1234}",1,0.1,0.43475646422128683,0.1663981588032221,0.662466998337153
108,logistic_reg,"{'C': 0.01, 'penalty': 'l2', 'fit_intercept': False, 'seed': 1234}",1,0.2,0.4184578385690666,0.3203682393555811,0.662466998337153
109,logistic_reg,"{'C': 0.01, 'penalty': 'l2', 'fit_intercept': False, 'seed': 1234}",1,0.3,0.39038076152304607,0.448331415420023,0.662466998337153
110,logistic_reg,"{'C': 1, 'penalty': 'l1', 'fit_intercept': True, 'seed': 1234}",1,0.01,0.4578313253012048,0.017491369390103567,0.654203029886347
111,logistic_reg,"{'C': 1, 'penalty': 'l1', 'fit_intercept': True, 'seed': 1234}",1,0.05,0.4546001202645821,0.08699654775604143,0.654203029886347
112,logistic_reg,"{'C': 1, 'penalty': 'l1', 'fit_intercept': True, 'seed': 1234}",1,0.1,0.4359591100420926,0.1668584579976985,0.654203029886347
113,logistic_reg,"{'C': 1, 'penalty': 'l1', 'fit_intercept': True, 'seed': 1234}",1,0.2,0.4089884262738614,0.3131185270425777,0.654203029886347
114,logistic_reg,"{'C': 1, 'penalty': 'l1', 'fit_intercept': True, 'seed': 1234}",1,0.3,0.3845691382765531,0.4416570771001151,0.654203029886347
115,logistic_reg,"{'C': 1, 'penalty': 'l1', 'fit_intercept': False, 'seed': 1234}",1,0.01,0.4578313253012048,0.017491369390103567,0.6542044718912282
116,logistic_reg,"{'C': 1, 'penalty': 'l1', 'fit_intercept': False, 'seed': 1234}",1,0.05,0.45520144317498495,0.08711162255466053,0.6542044718912282
117,logistic_reg,"{'C': 1, 'penalty': 'l1', 'fit_intercept': False, 'seed': 1234}",1,0.1,0.4359591100420926,0.1668584579976985,0.6542044718912282
118,logistic_reg,"{'C': 1, 'penalty': 'l1', 'fit_intercept': False, 'seed': 1234}",1,0.2,0.4089884262738614,0.3131185270425777,0.6542044718912282
119,logistic_reg,"{'C': 1, 'penalty': 'l1', 'fit_intercept': False, 'seed': 1234}",1,0.3,0.3844689378757515,0.441542002301496,0.6542044718912282
120,logistic_reg,"{'C': 1, 'penalty': 'l2', 'fit_intercept': True, 'seed': 1234}",1,0.01,0.4457831325301205,0.01703107019562716,0.6537162759886851
121,logistic_reg,"{'C': 1, 'penalty': 'l2', 'fit_intercept': True, 'seed': 1234}",1,0.05,0.45219482862297056,0.08653624856156501,0.6537162759886851
122,logistic_reg,"{'C': 1, 'penalty': 'l2', 'fit_intercept': True, 'seed': 1234}",1,0.1,0.4353577871316897,0.1666283084004603,0.6537162759886851
123,logistic_reg,"{'C': 1, 'penalty': 'l2', 'fit_intercept': True, 'seed': 1234}",1,0.2,0.40808657748384186,0.31242807825086305,0.6537162759886851
124,logistic_reg,"{'C': 1, 'penalty': 'l2', 'fit_intercept': True, 'seed': 1234}",1,0.3,0.3848697394789579,0.44200230149597236,0.6537162759886851
125,logistic_reg,"{'C': 1, 'penalty': 'l2', 'fit_intercept': False, 'seed': 1234}",1,0.01,0.4457831325301205,0.01703107019562716,0.6537190054979245
126,logistic_reg,"{'C': 1, 'penalty': 'l2', 'fit_intercept': False, 'seed': 1234}",1,0.05,0.45219482862297056,0.08653624856156501,0.6537190054979245
127,logistic_reg,"{'C': 1, 'penalty': 'l2', 'fit_intercept': False, 'seed': 1234}",1,0.1,0.4356584485868912,0.16674338319907941,0.6537190054979245
128,logistic_reg,"{'C': 1, 'penalty': 'l2', 'fit_intercept': False, 'seed': 1234}",1,0.2,0.407936269352172,0.31231300345224394,0.6537190054979245
129,logistic_reg,"{'C': 1, 'penalty': 'l2', 'fit_intercept': False, 'seed': 1234}",1,0.3,0.3849699398797595,0.44211737629459147,0.6537190054979245
130,logistic_reg,"{'C': 100, 'penalty': 'l1', 'fit_intercept': True, 'seed': 1234}",1,0.01,0.4457831325301205,0.01703107019562716,0.6531989380102233
131,logistic_reg,"{'C': 100, 'penalty': 'l1', 'fit_intercept': True, 'seed': 1234}",1,0.05,0.45306859205776173,0.08665132336018412,0.6531989380102233
132,logistic_reg,"{'C': 100, 'penalty': 'l1', 'fit_intercept': True, 'seed': 1234}",1,0.1,0.43415514131088395,0.1661680092059839,0.6531989380102233
133,logistic_reg,"{'C': 100, 'penalty': 'l1', 'fit_intercept': True, 'seed': 1234}",1,0.2,0.40838719374718174,0.31265822784810127,0.6531989380102233
134,logistic_reg,"{'C': 100, 'penalty': 'l1', 'fit_intercept': True, 'seed': 1234}",1,0.3,0.38577154308617234,0.4430379746835443,0.6531989380102233
135,logistic_reg,"{'C': 100, 'penalty': 'l1', 'fit_intercept': False, 'seed': 1234}",1,0.01,0.45180722891566266,0.01726121979286536,0.6532064991721815
136,logistic_reg,"{'C': 100, 'penalty': 'l1', 'fit_intercept': False, 'seed': 1234}",1,0.05,0.45306859205776173,0.08665132336018412,0.6532064991721815
137,logistic_reg,"{'C': 100, 'penalty': 'l1', 'fit_intercept': False, 'seed': 1234}",1,0.1,0.43415514131088395,0.1661680092059839,0.6532064991721815
138,logistic_reg,"{'C': 100, 'penalty': 'l1', 'fit_intercept': False, 'seed': 1234}",1,0.2,0.4082368856155118,0.31254315304948216,0.6532064991721815
139,logistic_reg,"{'C': 100, 'penalty': 'l1', 'fit_intercept': False, 'seed': 1234}",1,0.3,0.38587174348697395,0.4431530494821634,0.6532064991721815
140,logistic_reg,"{'C': 100, 'penalty': 'l2', 'fit_intercept': True, 'seed': 1234}",1,0.01,0.45180722891566266,0.01726121979286536,0.6531933338548896
141,logistic_reg,"{'C': 100, 'penalty': 'l2', 'fit_intercept': True, 'seed': 1234}",1,0.05,0.45279615153337344,0.08665132336018412,0.6531933338548896
142,logistic_reg,"{'C': 100, 'penalty': 'l2', 'fit_intercept': True, 'seed': 1234}",1,0.1,0.43475646422128683,0.1663981588032221,0.6531933338548896
143,logistic_reg,"{'C': 100, 'penalty': 'l2', 'fit_intercept': True, 'seed': 1234}",1,0.2,0.4085375018788516,0.3127733026467204,0.6531933338548896
144,logistic_reg,"{'C': 100, 'penalty': 'l2', 'fit_intercept': True, 'seed': 1234}",1,0.3,0.38587174348697395,0.4431530494821634,0.6531933338548896
145,logistic_reg,"{'C': 100, 'penalty': 'l2', 'fit_intercept': False, 'seed': 1234}",1,0.01,0.45180722891566266,0.01726121979286536,0.6531952019066676
146,logistic_reg,"{'C': 100, 'penalty': 'l2', 'fit_intercept': False, 'seed': 1234}",1,0.05,0.45279615153337344,0.08665132336018412,0.6531952019066676
147,logistic_reg,"{'C': 100, 'penalty': 'l2', 'fit_intercept': False, 'seed': 1234}",1,0.1,0.43445580276608536,0.16628308400460298,0.6531952019066676
148,logistic_reg,"{'C': 100, 'penalty': 'l2', 'fit_intercept': False, 'seed': 1234}",1,0.2,0.4085375018788516,0.3127733026467204,0.6531952019066676
149,logistic_reg,"{'C': 100, 'penalty': 'l2', 'fit_intercept': False, 'seed': 1234}",1,0.3,0.38587174348697395,0.4431530494821634,0.6531952019066676
150,svm,"{'C': 0.01, 'seed': 1234}",1,0.01,0.4819277108433735,0.018411967779056387,0.6559062179016384
151,svm,"{'C': 0.01, 'seed': 1234}",1,0.05,0.46001202645820805,0.08803222094361335,0.6559062179016384
152,svm,"{'C': 0.01, 'seed': 1234}",1,0.1,0.43445580276608536,0.16628308400460298,0.6559062179016384
153,svm,"{'C': 0.01, 'seed': 1234}",1,0.2,0.41034119945889075,0.3141542002301496,0.6559062179016384
154,svm,"{'C': 0.01, 'seed': 1234}",1,0.3,0.3849699398797595,0.44211737629459147,0.6559062179016384
155,svm,"{'C': 0.1, 'seed': 1234}",1,0.01,0.45481927710843373,0.017376294591484466,0.6536950625986959
156,svm,"{'C': 0.1, 'seed': 1234}",1,0.05,0.45279615153337344,0.08665132336018412,0.6536950625986959
157,svm,"{'C': 0.1, 'seed': 1234}",1,0.1,0.4350571256764883,0.1665132336018412,0.6536950625986959
158,svm,"{'C': 0.1, 'seed': 1234}",1,0.2,0.41004058319555087,0.3139240506329114,0.6536950625986959
159,svm,"{'C': 0.1, 'seed': 1234}",1,0.3,0.3855711422845691,0.4428078250863061,0.6536950625986959
160,svm,"{'C': 1, 'seed': 1234}",1,0.01,0.4457831325301205,0.01703107019562716,0.65334910783673
161,svm,"{'C': 1, 'seed': 1234}",1,0.05,0.45279615153337344,0.08665132336018412,0.65334910783673
162,svm,"{'C': 1, 'seed': 1234}",1,0.1,0.4350571256764883,0.1665132336018412,0.65334910783673
163,svm,"{'C': 1, 'seed': 1234}",1,0.2,0.4095896588005411,0.3135788262370541,0.65334910783673
164,svm,"{'C': 1, 'seed': 1234}",1,0.3,0.38607214428857717,0.4433831990794016,0.65334910783673
165,svm,"{'C': 10, 'seed': 1234}",1,0.01,0.45180722891566266,0.01726121979286536,0.6534099857246198
166,svm,"{'C': 10, 'seed': 1234}",1,0.05,0.45941070354780517,0.08791714614499424,0.6534099857246198
167,svm,"{'C': 10, 'seed': 1234}",1,0.1,0.4353577871316897,0.1666283084004603,0.6534099857246198
168,svm,"{'C': 10, 'seed': 1234}",1,0.2,0.4085375018788516,0.3127733026467204,0.6534099857246198
169,svm,"{'C': 10, 'seed': 1234}",1,0.3,0.3847695390781563,0.44188722669735325,0.6534099857246198
170,svm,"{'C': 100, 'seed': 1234}",1,0.01,0.4246987951807229,0.01622554660529344,0.5748706608235505
171,svm,"{'C': 100, 'seed': 1234}",1,0.05,0.38063740228502707,0.07284234752589183,0.5748706608235505
172,svm,"{'C': 100, 'seed': 1234}",1,0.1,0.3550811785929044,0.13590333716915995,0.5748706608235505
173,svm,"{'C': 100, 'seed': 1234}",1,0.2,0.3368405230722982,0.25788262370540854,0.5748706608235505
174,svm,"{'C': 100, 'seed': 1234}",1,0.3,0.3225450901803607,0.3704257767548907,0.5748706608235505
175,KNN,"{'k': 5, 'weights': 'uniform', 'metric': 'euclidean'}",2,0.01,0.4230769230769231,0.006918238993710692,0.5849302328261126
176,KNN,"{'k': 5, 'weights': 'uniform', 'metric': 'euclidean'}",2,0.05,0.43320235756385067,0.05547169811320755,0.5849302328261126
177,KNN,"{'k': 5, 'weights': 'uniform', 'metric': 'euclidean'}",2,0.1,0.43320235756385067,0.05547169811320755,0.5849302328261126
178,KNN,"{'k': 5, 'weights': 'uniform', 'metric': 'euclidean'}",2,0.2,0.41855473408061056,0.22075471698113208,0.5849302328261126
179,KNN,"{'k': 5, 'weights': 'uniform', 'metric': 'euclidean'}",2,0.3,0.41855473408061056,0.22075471698113208,0.5849302328261126
180,KNN,"{'k': 5, 'weights': 'uniform', 'metric': 'manhattan'}",2,0.01,0.4230769230769231,0.006918238993710692,0.5849302328261126
181,KNN,"{'k': 5, 'weights': 'uniform', 'metric': 'manhattan'}",2,0.05,0.43320235756385067,0.05547169811320755,0.5849302328261126
182,KNN,"{'k': 5, 'weights': 'uniform', 'metric': 'manhattan'}",2,0.1,0.43320235756385067,0.05547169811320755,0.5849302328261126
183,KNN,"{'k': 5, 'weights': 'uniform', 'metric': 'manhattan'}",2,0.2,0.41855473408061056,0.22075471698113208,0.5849302328261126
184,KNN,"{'k': 5, 'weights': 'uniform', 'metric': 'manhattan'}",2,0.3,0.41855473408061056,0.22075471698113208,0.5849302328261126
185,KNN,"{'k': 5, 'weights': 'uniform', 'metric': 'minkowski'}",2,0.01,0.4230769230769231,0.006918238993710692,0.5849302328261126
186,KNN,"{'k': 5, 'weights': 'uniform', 'metric': 'minkowski'}",2,0.05,0.43320235756385067,0.05547169811320755,0.5849302328261126
187,KNN,"{'k': 5, 'weights': 'uniform', 'metric': 'minkowski'}",2,0.1,0.43320235756385067,0.05547169811320755,0.5849302328261126
188,KNN,"{'k': 5, 'weights': 'uniform', 'metric': 'minkowski'}",2,0.2,0.41855473408061056,0.22075471698113208,0.5849302328261126
189,KNN,"{'k': 5, 'weights': 'uniform', 'metric': 'minkowski'}",2,0.3,0.41855473408061056,0.22075471698113208,0.5849302328261126
190,KNN,"{'k': 5, 'weights': 'distance', 'metric': 'euclidean'}",2,0.01,0.0,0.0,0.5845325581345104
191,KNN,"{'k': 5, 'weights': 'distance', 'metric': 'euclidean'}",2,0.05,0.41732283464566927,0.06666666666666667,0.5845325581345104
192,KNN,"{'k': 5, 'weights': 'distance', 'metric': 'euclidean'}",2,0.1,0.42739079102715466,0.13660377358490566,0.5845325581345104
193,KNN,"{'k': 5, 'weights': 'distance', 'metric': 'euclidean'}",2,0.2,0.40444794331824446,0.25849056603773585,0.5845325581345104
194,KNN,"{'k': 5, 'weights': 'distance', 'metric': 'euclidean'}",2,0.3,0.39632156630080095,0.3361006289308176,0.5845325581345104
195,KNN,"{'k': 5, 'weights': 'distance', 'metric': 'manhattan'}",2,0.01,0.0,0.0,0.584535406435648
196,KNN,"{'k': 5, 'weights': 'distance', 'metric': 'manhattan'}",2,0.05,0.41812400635930047,0.06616352201257862,0.584535406435648
197,KNN,"{'k': 5, 'weights': 'distance', 'metric': 'manhattan'}",2,0.1,0.4273335959038992,0.13647798742138365,0.584535406435648
198,KNN,"{'k': 5, 'weights': 'distance', 'metric': 'manhattan'}",2,0.2,0.4040183011736622,0.2554716981132075,0.584535406435648
199,KNN,"{'k': 5, 'weights': 'distance', 'metric': 'manhattan'}",2,0.3,0.39587353421404187,0.33547169811320754,0.584535406435648
200,KNN,"{'k': 5, 'weights': 'distance', 'metric': 'minkowski'}",2,0.01,0.0,0.0,0.5845325581345104
201,KNN,"{'k': 5, 'weights': 'distance', 'metric': 'minkowski'}",2,0.05,0.41732283464566927,0.06666666666666667,0.5845325581345104
202,KNN,"{'k': 5, 'weights': 'distance', 'metric': 'minkowski'}",2,0.1,0.42739079102715466,0.13660377358490566,0.5845325581345104
203,KNN,"{'k': 5, 'weights': 'distance', 'metric': 'minkowski'}",2,0.2,0.40444794331824446,0.25849056603773585,0.5845325581345104
204,KNN,"{'k': 5, 'weights': 'distance', 'metric': 'minkowski'}",2,0.3,0.39632156630080095,0.3361006289308176,0.5845325581345104
205,KNN,"{'k': 10, 'weights': 'uniform', 'metric': 'euclidean'}",2,0.01,0.46794871794871795,0.009182389937106919,0.6054425597405058
206,KNN,"{'k': 10, 'weights': 'uniform', 'metric': 'euclidean'}",2,0.05,0.4857142857142857,0.036352201257861635,0.6054425597405058
207,KNN,"{'k': 10, 'weights': 'uniform', 'metric': 'euclidean'}",2,0.1,0.4632183908045977,0.10138364779874214,0.6054425597405058
208,KNN,"{'k': 10, 'weights': 'uniform', 'metric': 'euclidean'}",2,0.2,0.4338461538461538,0.23056603773584905,0.6054425597405058
209,KNN,"{'k': 10, 'weights': 'uniform', 'metric': 'euclidean'}",2,0.3,0.4338461538461538,0.23056603773584905,0.6054425597405058
210,KNN,"{'k': 10, 'weights': 'uniform', 'metric': 'manhattan'}",2,0.01,0.46794871794871795,0.009182389937106919,0.6054425597405058
211,KNN,"{'k': 10, 'weights': 'uniform', 'metric': 'manhattan'}",2,0.05,0.4857142857142857,0.036352201257861635,0.6054425597405058
212,KNN,"{'k': 10, 'weights': 'uniform', 'metric': 'manhattan'}",2,0.1,0.4632183908045977,0.10138364779874214,0.6054425597405058
213,KNN,"{'k': 10, 'weights': 'uniform', 'metric': 'manhattan'}",2,0.2,0.4338461538461538,0.23056603773584905,0.6054425597405058
214,KNN,"{'k': 10, 'weights': 'uniform', 'metric': 'manhattan'}",2,0.3,0.4338461538461538,0.23056603773584905,0.6054425597405058
215,KNN,"{'k': 10, 'weights': 'uniform', 'metric': 'minkowski'}",2,0.01,0.46794871794871795,0.009182389937106919,0.6054425597405058
216,KNN,"{'k': 10, 'weights': 'uniform', 'metric': 'minkowski'}",2,0.05,0.4857142857142857,0.036352201257861635,0.6054425597405058
217,KNN,"{'k': 10, 'weights': 'uniform', 'metric': 'minkowski'}",2,0.1,0.4632183908045977,0.10138364779874214,0.6054425597405058
218,KNN,"{'k': 10, 'weights': 'uniform', 'metric': 'minkowski'}",2,0.2,0.4338461538461538,0.23056603773584905,0.6054425597405058
219,KNN,"{'k': 10, 'weights': 'uniform', 'metric': 'minkowski'}",2,0.3,0.4338461538461538,0.23056603773584905,0.6054425597405058
220,KNN,"{'k': 10, 'weights': 'distance', 'metric': 'euclidean'}",2,0.01,0.0,0.0,0.6024202385659254
221,KNN,"{'k': 10, 'weights': 'distance', 'metric': 'euclidean'}",2,0.05,0.44129235618597323,0.07044025157232704,0.6024202385659254
222,KNN,"{'k': 10, 'weights': 'distance', 'metric': 'euclidean'}",2,0.1,0.4405511811023622,0.14075471698113207,0.6024202385659254
223,KNN,"{'k': 10, 'weights': 'distance', 'metric': 'euclidean'}",2,0.2,0.42258508754672436,0.270188679245283,0.6024202385659254
224,KNN,"{'k': 10, 'weights': 'distance', 'metric': 'euclidean'}",2,0.3,0.4067439409905163,0.38842767295597486,0.6024202385659254
225,KNN,"{'k': 10, 'weights': 'distance', 'metric': 'manhattan'}",2,0.01,0.0,0.0,0.602024872042502
226,KNN,"{'k': 10, 'weights': 'distance', 'metric': 'manhattan'}",2,0.05,0.4397106109324759,0.06880503144654088,0.602024872042502
227,KNN,"{'k': 10, 'weights': 'distance', 'metric': 'manhattan'}",2,0.1,0.43962115232833465,0.140125786163522,0.602024872042502
228,KNN,"{'k': 10, 'weights': 'distance', 'metric': 'manhattan'}",2,0.2,0.42507462686567166,0.26867924528301884,0.602024872042502
229,KNN,"{'k': 10, 'weights': 'distance', 'metric': 'manhattan'}",2,0.3,0.4054621848739496,0.38842767295597486,0.602024872042502
230,KNN,"{'k': 10, 'weights': 'distance', 'metric': 'minkowski'}",2,0.01,0.0,0.0,0.6024202385659254
231,KNN,"{'k': 10, 'weights': 'distance', 'metric': 'minkowski'}",2,0.05,0.44129235618597323,0.07044025157232704,0.6024202385659254
232,KNN,"{'k': 10, 'weights': 'distance', 'metric': 'minkowski'}",2,0.1,0.4405511811023622,0.14075471698113207,0.6024202385659254
233,KNN,"{'k': 10, 'weights': 'distance', 'metric': 'minkowski'}",2,0.2,0.42258508754672436,0.270188679245283,0.6024202385659254
234,KNN,"{'k': 10, 'weights': 'distance', 'metric': 'minkowski'}",2,0.3,0.4067439409905163,0.38842767295597486,0.6024202385659254
235,decision_tree,"{'criterion': 'gini', 'max_depth': 20}",2,0.01,0.0,0.0,0.5777334256600606
236,decision_tree,"{'criterion': 'gini', 'max_depth': 20}",2,0.05,0.0,0.0,0.5777334256600606
237,decision_tree,"{'criterion': 'gini', 'max_depth': 20}",2,0.1,0.0,0.0,0.5777334256600606
238,decision_tree,"{'criterion': 'gini', 'max_depth': 20}",2,0.2,0.39743842364532017,0.2537106918238994,0.5777334256600606
239,decision_tree,"{'criterion': 'gini', 'max_depth': 20}",2,0.3,0.404699396166973,0.3877987421383648,0.5777334256600606
240,decision_tree,"{'criterion': 'gini', 'max_depth': 30}",2,0.01,0.0,0.0,0.5494462232823232
241,decision_tree,"{'criterion': 'gini', 'max_depth': 30}",2,0.05,0.0,0.0,0.5494462232823232
242,decision_tree,"{'criterion': 'gini', 'max_depth': 30}",2,0.1,0.0,0.0,0.5494462232823232
243,decision_tree,"{'criterion': 'gini', 'max_depth': 30}",2,0.2,0.0,0.0,0.5494462232823232
244,decision_tree,"{'criterion': 'gini', 'max_depth': 30}",2,0.3,0.3837072018890201,0.36792452830188677,0.5494462232823232
245,decision_tree,"{'criterion': 'gini', 'max_depth': 40}",2,0.01,0.0,0.0,0.548415213889051
246,decision_tree,"{'criterion': 'gini', 'max_depth': 40}",2,0.05,0.0,0.0,0.548415213889051
247,decision_tree,"{'criterion': 'gini', 'max_depth': 40}",2,0.1,0.0,0.0,0.548415213889051
248,decision_tree,"{'criterion': 'gini', 'max_depth': 40}",2,0.2,0.0,0.0,0.548415213889051
249,decision_tree,"{'criterion': 'gini', 'max_depth': 40}",2,0.3,0.37922540030108115,0.34855345911949687,0.548415213889051
250,decision_tree,"{'criterion': 'entropy', 'max_depth': 20}",2,0.01,0.0,0.0,0.5929546101068239
251,decision_tree,"{'criterion': 'entropy', 'max_depth': 20}",2,0.05,0.0,0.0,0.5929546101068239
252,decision_tree,"{'criterion': 'entropy', 'max_depth': 20}",2,0.1,0.3711422845691383,0.11647798742138364,0.5929546101068239
253,decision_tree,"{'criterion': 'entropy', 'max_depth': 20}",2,0.2,0.410988578180386,0.26251572327044026,0.5929546101068239
254,decision_tree,"{'criterion': 'entropy', 'max_depth': 20}",2,0.3,0.4163378058405683,0.39811320754716983,0.5929546101068239
255,decision_tree,"{'criterion': 'entropy', 'max_depth': 30}",2,0.01,0.0,0.0,0.5636869727852207
256,decision_tree,"{'criterion': 'entropy', 'max_depth': 30}",2,0.05,0.0,0.0,0.5636869727852207
257,decision_tree,"{'criterion': 'entropy', 'max_depth': 30}",2,0.1,0.0,0.0,0.5636869727852207
258,decision_tree,"{'criterion': 'entropy', 'max_depth': 30}",2,0.2,0.0,0.0,0.5636869727852207
259,decision_tree,"{'criterion': 'entropy', 'max_depth': 30}",2,0.3,0.3929930455320824,0.3767295597484277,0.5636869727852207
260,decision_tree,"{'criterion': 'entropy', 'max_depth': 40}",2,0.01,0.0,0.0,0.5474951514064702
261,decision_tree,"{'criterion': 'entropy', 'max_depth': 40}",2,0.05,0.0,0.0,0.5474951514064702
262,decision_tree,"{'criterion': 'entropy', 'max_depth': 40}",2,0.1,0.0,0.0,0.5474951514064702
263,decision_tree,"{'criterion': 'entropy', 'max_depth': 40}",2,0.2,0.0,0.0,0.5474951514064702
264,decision_tree,"{'criterion': 'entropy', 'max_depth': 40}",2,0.3,0.37813690710813297,0.3620125786163522,0.5474951514064702
265,logistic_reg,"{'C': 0.01, 'penalty': 'l1', 'fit_intercept': True, 'seed': 1234}",2,0.01,0.547244094488189,0.01748427672955975,0.6696307399029345
266,logistic_reg,"{'C': 0.01, 'penalty': 'l1', 'fit_intercept': True, 'seed': 1234}",2,0.05,0.5023622047244094,0.08025157232704402,0.6696307399029345
267,logistic_reg,"{'C': 0.01, 'penalty': 'l1', 'fit_intercept': True, 'seed': 1234}",2,0.1,0.4899645808736718,0.15660377358490565,0.6696307399029345
268,logistic_reg,"{'C': 0.01, 'penalty': 'l1', 'fit_intercept': True, 'seed': 1234}",2,0.2,0.47255557741491244,0.3021383647798742,0.6696307399029345
269,logistic_reg,"{'C': 0.01, 'penalty': 'l1', 'fit_intercept': True, 'seed': 1234}",2,0.3,0.4627492130115425,0.4437735849056604,0.6696307399029345
270,logistic_reg,"{'C': 0.01, 'penalty': 'l1', 'fit_intercept': False, 'seed': 1234}",2,0.01,0.5905511811023622,0.018867924528301886,0.6692404938399636
271,logistic_reg,"{'C': 0.01, 'penalty': 'l1', 'fit_intercept': False, 'seed': 1234}",2,0.05,0.5070866141732283,0.0810062893081761,0.6692404938399636
272,logistic_reg,"{'C': 0.01, 'penalty': 'l1', 'fit_intercept': False, 'seed': 1234}",2,0.1,0.4889763779527559,0.15622641509433963,0.6692404938399636
273,logistic_reg,"{'C': 0.01, 'penalty': 'l1', 'fit_intercept': False, 'seed': 1234}",2,0.2,0.47304210940574576,0.30238993710691825,0.6692404938399636
274,logistic_reg,"{'C': 0.01, 'penalty': 'l1', 'fit_intercept': False, 'seed': 1234}",2,0.3,0.46340503672612804,0.44440251572327044,0.6692404938399636
275,logistic_reg,"{'C': 0.01, 'penalty': 'l2', 'fit_intercept': True, 'seed': 1234}",2,0.01,0.5905511811023622,0.018867924528301886,0.6728902766705053
276,logistic_reg,"{'C': 0.01, 'penalty': 'l2', 'fit_intercept': True, 'seed': 1234}",2,0.05,0.5338582677165354,0.08528301886792453,0.6728902766705053
277,logistic_reg,"{'C': 0.01, 'penalty': 'l2', 'fit_intercept': True, 'seed': 1234}",2,0.1,0.512396694214876,0.16377358490566038,0.6728902766705053
278,logistic_reg,"{'C': 0.01, 'penalty': 'l2', 'fit_intercept': True, 'seed': 1234}",2,0.2,0.4843596301396813,0.30968553459119497,0.6728902766705053
279,logistic_reg,"{'C': 0.01, 'penalty': 'l2', 'fit_intercept': True, 'seed': 1234}",2,0.3,0.46366736621196225,0.4446540880503145,0.6728902766705053
280,logistic_reg,"{'C': 0.01, 'penalty': 'l2', 'fit_intercept': False, 'seed': 1234}",2,0.01,0.5905511811023622,0.018867924528301886,0.6728604181205246
281,logistic_reg,"{'C': 0.01, 'penalty': 'l2', 'fit_intercept': False, 'seed': 1234}",2,0.05,0.5346456692913386,0.08540880503144654,0.6728604181205246
282,logistic_reg,"{'C': 0.01, 'penalty': 'l2', 'fit_intercept': False, 'seed': 1234}",2,0.1,0.5125984251968504,0.16377358490566038,0.6728604181205246
283,logistic_reg,"{'C': 0.01, 'penalty': 'l2', 'fit_intercept': False, 'seed': 1234}",2,0.2,0.4839661617155223,0.30943396226415093,0.6728604181205246
284,logistic_reg,"{'C': 0.01, 'penalty': 'l2', 'fit_intercept': False, 'seed': 1234}",2,0.3,0.4639296956977964,0.4449056603773585,0.6728604181205246
285,logistic_reg,"{'C': 1, 'penalty': 'l1', 'fit_intercept': True, 'seed': 1234}",2,0.01,0.6220472440944882,0.019874213836477986,0.6717222535499339
286,logistic_reg,"{'C': 1, 'penalty': 'l1', 'fit_intercept': True, 'seed': 1234}",2,0.05,0.547244094488189,0.08742138364779874,0.6717222535499339
287,logistic_reg,"{'C': 1, 'penalty': 'l1', 'fit_intercept': True, 'seed': 1234}",2,0.1,0.512396694214876,0.16377358490566038,0.6717222535499339
288,logistic_reg,"{'C': 1, 'penalty': 'l1', 'fit_intercept': True, 'seed': 1234}",2,0.2,0.48672044068463505,0.31119496855345913,0.6717222535499339
289,logistic_reg,"{'C': 1, 'penalty': 'l1', 'fit_intercept': True, 'seed': 1234}",2,0.3,0.4616998950682057,0.4427672955974843,0.6717222535499339
290,logistic_reg,"{'C': 1, 'penalty': 'l1', 'fit_intercept': False, 'seed': 1234}",2,0.01,0.6220472440944882,0.019874213836477986,0.6717098016847827
291,logistic_reg,"{'C': 1, 'penalty': 'l1', 'fit_intercept': False, 'seed': 1234}",2,0.05,0.547244094488189,0.08742138364779874,0.6717098016847827
292,logistic_reg,"{'C': 1, 'penalty': 'l1', 'fit_intercept': False, 'seed': 1234}",2,0.1,0.5122047244094489,0.16364779874213836,0.6717098016847827
293,logistic_reg,"{'C': 1, 'penalty': 'l1', 'fit_intercept': False, 'seed': 1234}",2,0.2,0.48652370647255555,0.3110691823899371,0.6717098016847827
294,logistic_reg,"{'C': 1, 'penalty': 'l1', 'fit_intercept': False, 'seed': 1234}",2,0.3,0.46183105981112277,0.4428930817610063,0.6717098016847827
295,logistic_reg,"{'C': 1, 'penalty': 'l2', 'fit_intercept': True, 'seed': 1234}",2,0.01,0.6181102362204725,0.019748427672955975,0.6714898271358478
296,logistic_reg,"{'C': 1, 'penalty': 'l2', 'fit_intercept': True, 'seed': 1234}",2,0.05,0.5503937007874016,0.0879245283018868,0.6714898271358478
297,logistic_reg,"{'C': 1, 'penalty': 'l2', 'fit_intercept': True, 'seed': 1234}",2,0.1,0.512396694214876,0.16377358490566038,0.6714898271358478
298,logistic_reg,"{'C': 1, 'penalty': 'l2', 'fit_intercept': True, 'seed': 1234}",2,0.2,0.4859335038363171,0.31069182389937106,0.6714898271358478
299,logistic_reg,"{'C': 1, 'penalty': 'l2', 'fit_intercept': True, 'seed': 1234}",2,0.3,0.4614375655823715,0.44251572327044025,0.6714898271358478
300,logistic_reg,"{'C': 1, 'penalty': 'l2', 'fit_intercept': False, 'seed': 1234}",2,0.01,0.6181102362204725,0.019748427672955975,0.671503870592785
301,logistic_reg,"{'C': 1, 'penalty': 'l2', 'fit_intercept': False, 'seed': 1234}",2,0.05,0.5496062992125984,0.08779874213836478,0.671503870592785
302,logistic_reg,"{'C': 1, 'penalty': 'l2', 'fit_intercept': False, 'seed': 1234}",2,0.1,0.512396694214876,0.16377358490566038,0.671503870592785
303,logistic_reg,"{'C': 1, 'penalty': 'l2', 'fit_intercept': False, 'seed': 1234}",2,0.2,0.4863269722604761,0.3109433962264151,0.671503870592785
304,logistic_reg,"{'C': 1, 'penalty': 'l2', 'fit_intercept': False, 'seed': 1234}",2,0.3,0.4614375655823715,0.44251572327044025,0.671503870592785
305,logistic_reg,"{'C': 100, 'penalty': 'l1', 'fit_intercept': True, 'seed': 1234}",2,0.01,0.6259842519685039,0.02,0.6711384742468206
306,logistic_reg,"{'C': 100, 'penalty': 'l1', 'fit_intercept': True, 'seed': 1234}",2,0.05,0.5480314960629922,0.08754716981132075,0.6711384742468206
307,logistic_reg,"{'C': 100, 'penalty': 'l1', 'fit_intercept': True, 'seed': 1234}",2,0.1,0.5131837859110586,0.16402515723270442,0.6711384742468206
308,logistic_reg,"{'C': 100, 'penalty': 'l1', 'fit_intercept': True, 'seed': 1234}",2,0.2,0.4866194411648957,0.3110691823899371,0.6711384742468206
309,logistic_reg,"{'C': 100, 'penalty': 'l1', 'fit_intercept': True, 'seed': 1234}",2,0.3,0.46196222455403985,0.4430188679245283,0.6711384742468206
310,logistic_reg,"{'C': 100, 'penalty': 'l1', 'fit_intercept': False, 'seed': 1234}",2,0.01,0.6259842519685039,0.02,0.6711459712922934
311,logistic_reg,"{'C': 100, 'penalty': 'l1', 'fit_intercept': False, 'seed': 1234}",2,0.05,0.5480314960629922,0.08754716981132075,0.6711459712922934
312,logistic_reg,"{'C': 100, 'penalty': 'l1', 'fit_intercept': False, 'seed': 1234}",2,0.1,0.51357733175915,0.1641509433962264,0.6711459712922934
313,logistic_reg,"{'C': 100, 'penalty': 'l1', 'fit_intercept': False, 'seed': 1234}",2,0.2,0.48652370647255555,0.3110691823899371,0.6711459712922934
314,logistic_reg,"{'C': 100, 'penalty': 'l1', 'fit_intercept': False, 'seed': 1234}",2,0.3,0.46183105981112277,0.4428930817610063,0.6711459712922934
315,logistic_reg,"{'C': 100, 'penalty': 'l2', 'fit_intercept': True, 'seed': 1234}",2,0.01,0.6220472440944882,0.019874213836477986,0.6710904888347315
316,logistic_reg,"{'C': 100, 'penalty': 'l2', 'fit_intercept': True, 'seed': 1234}",2,0.05,0.5456692913385827,0.08716981132075471,0.6710904888347315
317,logistic_reg,"{'C': 100, 'penalty': 'l2', 'fit_intercept': True, 'seed': 1234}",2,0.1,0.5131837859110586,0.16402515723270442,0.6710904888347315
318,logistic_reg,"{'C': 100, 'penalty': 'l2', 'fit_intercept': True, 'seed': 1234}",2,0.2,0.4863269722604761,0.3109433962264151,0.6710904888347315
319,logistic_reg,"{'C': 100, 'penalty': 'l2', 'fit_intercept': True, 'seed': 1234}",2,0.3,0.46196222455403985,0.4430188679245283,0.6710904888347315
320,logistic_reg,"{'C': 100, 'penalty': 'l2', 'fit_intercept': False, 'seed': 1234}",2,0.01,0.6220472440944882,0.019874213836477986,0.6710873200547047
321,logistic_reg,"{'C': 100, 'penalty': 'l2', 'fit_intercept': False, 'seed': 1234}",2,0.05,0.5456692913385827,0.08716981132075471,0.6710873200547047
322,logistic_reg,"{'C': 100, 'penalty': 'l2', 'fit_intercept': False, 'seed': 1234}",2,0.1,0.5131837859110586,0.16402515723270442,0.6710873200547047
323,logistic_reg,"{'C': 100, 'penalty': 'l2', 'fit_intercept': False, 'seed': 1234}",2,0.2,0.48652370647255555,0.3110691823899371,0.6710873200547047
324,logistic_reg,"{'C': 100, 'penalty': 'l2', 'fit_intercept': False, 'seed': 1234}",2,0.3,0.46196222455403985,0.4430188679245283,0.6710873200547047
325,svm,"{'C': 0.01, 'seed': 1234}",2,0.01,0.6141732283464567,0.019622641509433963,0.6717219258692719
326,svm,"{'C': 0.01, 'seed': 1234}",2,0.05,0.5511811023622047,0.0880503144654088,0.6717219258692719
327,svm,"{'C': 0.01, 'seed': 1234}",2,0.1,0.5155450609996065,0.16477987421383647,0.6717219258692719
328,svm,"{'C': 0.01, 'seed': 1234}",2,0.2,0.4879008459571119,0.3119496855345912,0.6717219258692719
329,svm,"{'C': 0.01, 'seed': 1234}",2,0.3,0.4607817418677859,0.4418867924528302,0.6717219258692719
330,svm,"{'C': 0.1, 'seed': 1234}",2,0.01,0.6299212598425197,0.02012578616352201,0.671279391334971
331,svm,"{'C': 0.1, 'seed': 1234}",2,0.05,0.5503937007874016,0.0879245283018868,0.671279391334971
332,svm,"{'C': 0.1, 'seed': 1234}",2,0.1,0.5179063360881543,0.16553459119496855,0.671279391334971
333,svm,"{'C': 0.1, 'seed': 1234}",2,0.2,0.4859335038363171,0.31069182389937106,0.671279391334971
334,svm,"{'C': 0.1, 'seed': 1234}",2,0.3,0.46406086044071354,0.4450314465408805,0.671279391334971
335,svm,"{'C': 1, 'seed': 1234}",2,0.01,0.6299212598425197,0.02012578616352201,0.6709767296317661
336,svm,"{'C': 1, 'seed': 1234}",2,0.05,0.5496062992125984,0.08779874213836478,0.6709767296317661
337,svm,"{'C': 1, 'seed': 1234}",2,0.1,0.5190869736324282,0.1659119496855346,0.6709767296317661
338,svm,"{'C': 1, 'seed': 1234}",2,0.2,0.4861302380483966,0.3108176100628931,0.6709767296317661
339,svm,"{'C': 1, 'seed': 1234}",2,0.3,0.46366736621196225,0.4446540880503145,0.6709767296317661
340,svm,"{'C': 10, 'seed': 1234}",2,0.01,0.6377952755905512,0.020377358490566037,0.670386565957076
341,svm,"{'C': 10, 'seed': 1234}",2,0.05,0.5448818897637795,0.08704402515723271,0.670386565957076
342,svm,"{'C': 10, 'seed': 1234}",2,0.1,0.5210547028728847,0.16654088050314467,0.670386565957076
343,svm,"{'C': 10, 'seed': 1234}",2,0.2,0.4884910485933504,0.3123270440251572,0.670386565957076
344,svm,"{'C': 10, 'seed': 1234}",2,0.3,0.46130640083945434,0.44238993710691826,0.670386565957076
345,svm,"{'C': 100, 'seed': 1234}",2,0.01,0.4566929133858268,0.01459119496855346,0.5581041009054789
346,svm,"{'C': 100, 'seed': 1234}",2,0.05,0.421259842519685,0.06729559748427673,0.5581041009054789
347,svm,"{'C': 100, 'seed': 1234}",2,0.1,0.4049586776859504,0.12943396226415094,0.5581041009054789
348,svm,"{'C': 100, 'seed': 1234}",2,0.2,0.3871729293724179,0.24754716981132074,0.5581041009054789
349,svm,"{'C': 100, 'seed': 1234}",2,0.3,0.3685729275970619,0.3534591194968553,0.5581041009054789
350,KNN,"{'k': 5, 'weights': 'uniform', 'metric': 'euclidean'}",3,0.01,0.48917748917748916,0.012765476728422955,0.5963011832804168
351,KNN,"{'k': 5, 'weights': 'uniform', 'metric': 'euclidean'}",3,0.05,0.48917748917748916,0.012765476728422955,0.5963011832804168
352,KNN,"{'k': 5, 'weights': 'uniform', 'metric': 'euclidean'}",3,0.1,0.40632603406326034,0.0754631721644826,0.5963011832804168
353,KNN,"{'k': 5, 'weights': 'uniform', 'metric': 'euclidean'}",3,0.2,0.3826016260162602,0.2658156348847718,0.5963011832804168
354,KNN,"{'k': 5, 'weights': 'uniform', 'metric': 'euclidean'}",3,0.3,0.3826016260162602,0.2658156348847718,0.5963011832804168
355,KNN,"{'k': 5, 'weights': 'uniform', 'metric': 'manhattan'}",3,0.01,0.48917748917748916,0.012765476728422955,0.5963011832804168
356,KNN,"{'k': 5, 'weights': 'uniform', 'metric': 'manhattan'}",3,0.05,0.48917748917748916,0.012765476728422955,0.5963011832804168
357,KNN,"{'k': 5, 'weights': 'uniform', 'metric': 'manhattan'}",3,0.1,0.40632603406326034,0.0754631721644826,0.5963011832804168
358,KNN,"{'k': 5, 'weights': 'uniform', 'metric': 'manhattan'}",3,0.2,0.3826016260162602,0.2658156348847718,0.5963011832804168
359,KNN,"{'k': 5, 'weights': 'uniform', 'metric': 'manhattan'}",3,0.3,0.3826016260162602,0.2658156348847718,0.5963011832804168
360,KNN,"{'k': 5, 'weights': 'uniform', 'metric': 'minkowski'}",3,0.01,0.48917748917748916,0.012765476728422955,0.5963011832804168
361,KNN,"{'k': 5, 'weights': 'uniform', 'metric': 'minkowski'}",3,0.05,0.48917748917748916,0.012765476728422955,0.5963011832804168
362,KNN,"{'k': 5, 'weights': 'uniform', 'metric': 'minkowski'}",3,0.1,0.40632603406326034,0.0754631721644826,0.5963011832804168
363,KNN,"{'k': 5, 'weights': 'uniform', 'metric': 'minkowski'}",3,0.2,0.3826016260162602,0.2658156348847718,0.5963011832804168
364,KNN,"{'k': 5, 'weights': 'uniform', 'metric': 'minkowski'}",3,0.3,0.3826016260162602,0.2658156348847718,0.5963011832804168
365,KNN,"{'k': 5, 'weights': 'distance', 'metric': 'euclidean'}",3,0.01,0.0,0.0,0.594548636414424
366,KNN,"{'k': 5, 'weights': 'distance', 'metric': 'euclidean'}",3,0.05,0.39473684210526316,0.06439222774514235,0.594548636414424
367,KNN,"{'k': 5, 'weights': 'distance', 'metric': 'euclidean'}",3,0.1,0.3826965582570256,0.13691821057388162,0.594548636414424
368,KNN,"{'k': 5, 'weights': 'distance', 'metric': 'euclidean'}",3,0.2,0.37934868943606037,0.2697695436059648,0.594548636414424
369,KNN,"{'k': 5, 'weights': 'distance', 'metric': 'euclidean'}",3,0.3,0.3587231352718078,0.3846588341617713,0.594548636414424
370,KNN,"{'k': 5, 'weights': 'distance', 'metric': 'manhattan'}",3,0.01,0.0,0.0,0.5941039669112593
371,KNN,"{'k': 5, 'weights': 'distance', 'metric': 'manhattan'}",3,0.05,0.3946095369730477,0.06450519656574785,0.5941039669112593
372,KNN,"{'k': 5, 'weights': 'distance', 'metric': 'manhattan'}",3,0.1,0.38201892744479493,0.1368052417532761,0.5941039669112593
373,KNN,"{'k': 5, 'weights': 'distance', 'metric': 'manhattan'}",3,0.2,0.3763683193818416,0.2641211025756891,0.5941039669112593
374,KNN,"{'k': 5, 'weights': 'distance', 'metric': 'manhattan'}",3,0.3,0.35794796165595705,0.38386805241753275,0.5941039669112593
375,KNN,"{'k': 5, 'weights': 'distance', 'metric': 'minkowski'}",3,0.01,0.0,0.0,0.594548636414424
376,KNN,"{'k': 5, 'weights': 'distance', 'metric': 'minkowski'}",3,0.05,0.39473684210526316,0.06439222774514235,0.594548636414424
377,KNN,"{'k': 5, 'weights': 'distance', 'metric': 'minkowski'}",3,0.1,0.3826965582570256,0.13691821057388162,0.594548636414424
378,KNN,"{'k': 5, 'weights': 'distance', 'metric': 'minkowski'}",3,0.2,0.37934868943606037,0.2697695436059648,0.594548636414424
379,KNN,"{'k': 5, 'weights': 'distance', 'metric': 'minkowski'}",3,0.3,0.3587231352718078,0.3846588341617713,0.594548636414424
380,KNN,"{'k': 10, 'weights': 'uniform', 'metric': 'euclidean'}",3,0.01,0.505338078291815,0.016041572525982827,0.6175282990603564
381,KNN,"{'k': 10, 'weights': 'uniform', 'metric': 'euclidean'}",3,0.05,0.44176706827309237,0.04970628106642567,0.6175282990603564
382,KNN,"{'k': 10, 'weights': 'uniform', 'metric': 'euclidean'}",3,0.1,0.40904454267256035,0.135901491188432,0.6175282990603564
383,KNN,"{'k': 10, 'weights': 'uniform', 'metric': 'euclidean'}",3,0.2,0.40904454267256035,0.135901491188432,0.6175282990603564
384,KNN,"{'k': 10, 'weights': 'uniform', 'metric': 'euclidean'}",3,0.3,0.38680265801267194,0.28276095797559875,0.6175282990603564
385,KNN,"{'k': 10, 'weights': 'uniform', 'metric': 'manhattan'}",3,0.01,0.505338078291815,0.016041572525982827,0.6175282990603564
386,KNN,"{'k': 10, 'weights': 'uniform', 'metric': 'manhattan'}",3,0.05,0.44176706827309237,0.04970628106642567,0.6175282990603564
387,KNN,"{'k': 10, 'weights': 'uniform', 'metric': 'manhattan'}",3,0.1,0.40904454267256035,0.135901491188432,0.6175282990603564
388,KNN,"{'k': 10, 'weights': 'uniform', 'metric': 'manhattan'}",3,0.2,0.40904454267256035,0.135901491188432,0.6175282990603564
389,KNN,"{'k': 10, 'weights': 'uniform', 'metric': 'manhattan'}",3,0.3,0.38680265801267194,0.28276095797559875,0.6175282990603564
390,KNN,"{'k': 10, 'weights': 'uniform', 'metric': 'minkowski'}",3,0.01,0.505338078291815,0.016041572525982827,0.6175282990603564
391,KNN,"{'k': 10, 'weights': 'uniform', 'metric': 'minkowski'}",3,0.05,0.44176706827309237,0.04970628106642567,0.6175282990603564
392,KNN,"{'k': 10, 'weights': 'uniform', 'metric': 'minkowski'}",3,0.1,0.40904454267256035,0.135901491188432,0.6175282990603564
393,KNN,"{'k': 10, 'weights': 'uniform', 'metric': 'minkowski'}",3,0.2,0.40904454267256035,0.135901491188432,0.6175282990603564
394,KNN,"{'k': 10, 'weights': 'uniform', 'metric': 'minkowski'}",3,0.3,0.38680265801267194,0.28276095797559875,0.6175282990603564
395,KNN,"{'k': 10, 'weights': 'distance', 'metric': 'euclidean'}",3,0.01,0.0,0.0,0.6126545373914437
396,KNN,"{'k': 10, 'weights': 'distance', 'metric': 'euclidean'}",3,0.05,0.4031545741324921,0.07218707636692273,0.6126545373914437
397,KNN,"{'k': 10, 'weights': 'distance', 'metric': 'euclidean'}",3,0.1,0.4028391167192429,0.14426118391323994,0.6126545373914437
398,KNN,"{'k': 10, 'weights': 'distance', 'metric': 'euclidean'}",3,0.2,0.3826045627376426,0.2728197017623136,0.6126545373914437
399,KNN,"{'k': 10, 'weights': 'distance', 'metric': 'euclidean'}",3,0.3,0.3683491062039958,0.39572977858111164,0.6126545373914437
400,KNN,"{'k': 10, 'weights': 'distance', 'metric': 'manhattan'}",3,0.01,0.0,0.0,0.6120697544151775
401,KNN,"{'k': 10, 'weights': 'distance', 'metric': 'manhattan'}",3,0.05,0.4027686222808174,0.06902394938996836,0.6120697544151775
402,KNN,"{'k': 10, 'weights': 'distance', 'metric': 'manhattan'}",3,0.1,0.39697065320290315,0.1421147763217352,0.6120697544151775
403,KNN,"{'k': 10, 'weights': 'distance', 'metric': 'manhattan'}",3,0.2,0.38270629149541574,0.2734975146859467,0.6120697544151775
404,KNN,"{'k': 10, 'weights': 'distance', 'metric': 'manhattan'}",3,0.3,0.3686369373159445,0.3959557162223226,0.6120697544151775
405,KNN,"{'k': 10, 'weights': 'distance', 'metric': 'minkowski'}",3,0.01,0.0,0.0,0.6126545373914437
406,KNN,"{'k': 10, 'weights': 'distance', 'metric': 'minkowski'}",3,0.05,0.4031545741324921,0.07218707636692273,0.6126545373914437
407,KNN,"{'k': 10, 'weights': 'distance', 'metric': 'minkowski'}",3,0.1,0.4028391167192429,0.14426118391323994,0.6126545373914437
408,KNN,"{'k': 10, 'weights': 'distance', 'metric': 'minkowski'}",3,0.2,0.3826045627376426,0.2728197017623136,0.6126545373914437
409,KNN,"{'k': 10, 'weights': 'distance', 'metric': 'minkowski'}",3,0.3,0.3683491062039958,0.39572977858111164,0.6126545373914437
410,decision_tree,"{'criterion': 'gini', 'max_depth': 20}",3,0.01,0.0,0.0,0.59073328135614
411,decision_tree,"{'criterion': 'gini', 'max_depth': 20}",3,0.05,0.0,0.0,0.59073328135614
412,decision_tree,"{'criterion': 'gini', 'max_depth': 20}",3,0.1,0.0,0.0,0.59073328135614
413,decision_tree,"{'criterion': 'gini', 'max_depth': 20}",3,0.2,0.3623947911703986,0.25779484862178037,0.59073328135614
414,decision_tree,"{'criterion': 'gini', 'max_depth': 20}",3,0.3,0.3749211024616032,0.4026208766380479,0.59073328135614
415,decision_tree,"{'criterion': 'gini', 'max_depth': 30}",3,0.01,0.0,0.0,0.5509872461415092
416,decision_tree,"{'criterion': 'gini', 'max_depth': 30}",3,0.05,0.0,0.0,0.5509872461415092
417,decision_tree,"{'criterion': 'gini', 'max_depth': 30}",3,0.1,0.0,0.0,0.5509872461415092
418,decision_tree,"{'criterion': 'gini', 'max_depth': 30}",3,0.2,0.0,0.0,0.5509872461415092
419,decision_tree,"{'criterion': 'gini', 'max_depth': 30}",3,0.3,0.3463300189922914,0.3502033438770899,0.5509872461415092
420,decision_tree,"{'criterion': 'gini', 'max_depth': 40}",3,0.01,0.0,0.0,0.5518040552098649
421,decision_tree,"{'criterion': 'gini', 'max_depth': 40}",3,0.05,0.0,0.0,0.5518040552098649
422,decision_tree,"{'criterion': 'gini', 'max_depth': 40}",3,0.1,0.0,0.0,0.5518040552098649
423,decision_tree,"{'criterion': 'gini', 'max_depth': 40}",3,0.2,0.0,0.0,0.5518040552098649
424,decision_tree,"{'criterion': 'gini', 'max_depth': 40}",3,0.3,0.3425495989869143,0.3666967916854948,0.5518040552098649
425,decision_tree,"{'criterion': 'entropy', 'max_depth': 20}",3,0.01,0.0,0.0,0.6050263412637281
426,decision_tree,"{'criterion': 'entropy', 'max_depth': 20}",3,0.05,0.0,0.0,0.6050263412637281
427,decision_tree,"{'criterion': 'entropy', 'max_depth': 20}",3,0.1,0.3397476340694006,0.12166741979213737,0.6050263412637281
428,decision_tree,"{'criterion': 'entropy', 'max_depth': 20}",3,0.2,0.37770997269953427,0.2657026660641663,0.6050263412637281
429,decision_tree,"{'criterion': 'entropy', 'max_depth': 20}",3,0.3,0.38632460283383424,0.40657478535924085,0.6050263412637281
430,decision_tree,"{'criterion': 'entropy', 'max_depth': 30}",3,0.01,0.0,0.0,0.5651111543979725
431,decision_tree,"{'criterion': 'entropy', 'max_depth': 30}",3,0.05,0.0,0.0,0.5651111543979725
432,decision_tree,"{'criterion': 'entropy', 'max_depth': 30}",3,0.1,0.0,0.0,0.5651111543979725
433,decision_tree,"{'criterion': 'entropy', 'max_depth': 30}",3,0.2,0.0,0.0,0.5651111543979725
434,decision_tree,"{'criterion': 'entropy', 'max_depth': 30}",3,0.3,0.3547603968756597,0.37968820605512876,0.5651111543979725
435,decision_tree,"{'criterion': 'entropy', 'max_depth': 40}",3,0.01,0.0,0.0,0.5515864357323593
436,decision_tree,"{'criterion': 'entropy', 'max_depth': 40}",3,0.05,0.0,0.0,0.5515864357323593
437,decision_tree,"{'criterion': 'entropy', 'max_depth': 40}",3,0.1,0.0,0.0,0.5515864357323593
438,decision_tree,"{'criterion': 'entropy', 'max_depth': 40}",3,0.2,0.0,0.0,0.5515864357323593
439,decision_tree,"{'criterion': 'entropy', 'max_depth': 40}",3,0.3,0.3428296026560994,0.3616131947582467,0.5515864357323593
440,logistic_reg,"{'C': 0.01, 'penalty': 'l1', 'fit_intercept': True, 'seed': 1234}",3,0.01,0.5678233438485805,0.02033438770899232,0.6863853759513359
441,logistic_reg,"{'C': 0.01, 'penalty': 'l1', 'fit_intercept': True, 'seed': 1234}",3,0.05,0.5154574132492113,0.09229552643470403,0.6863853759513359
442,logistic_reg,"{'C': 0.01, 'penalty': 'l1', 'fit_intercept': True, 'seed': 1234}",3,0.1,0.48405431007262395,0.17318120198825124,0.6863853759513359
443,logistic_reg,"{'C': 0.01, 'penalty': 'l1', 'fit_intercept': True, 'seed': 1234}",3,0.2,0.4583596214511041,0.3282873926796204,0.6863853759513359
444,logistic_reg,"{'C': 0.01, 'penalty': 'l1', 'fit_intercept': True, 'seed': 1234}",3,0.3,0.4269639289094542,0.4586534116583823,0.6863853759513359
445,logistic_reg,"{'C': 0.01, 'penalty': 'l1', 'fit_intercept': False, 'seed': 1234}",3,0.01,0.5615141955835962,0.02010845006778129,0.6858671728922292
446,logistic_reg,"{'C': 0.01, 'penalty': 'l1', 'fit_intercept': False, 'seed': 1234}",3,0.05,0.5091482649842272,0.09116583822864889,0.6858671728922292
447,logistic_reg,"{'C': 0.01, 'penalty': 'l1', 'fit_intercept': False, 'seed': 1234}",3,0.1,0.48595771536762383,0.17397198373248984,0.6858671728922292
448,logistic_reg,"{'C': 0.01, 'penalty': 'l1', 'fit_intercept': False, 'seed': 1234}",3,0.2,0.45615141955835964,0.32670582919114327,0.6858671728922292
449,logistic_reg,"{'C': 0.01, 'penalty': 'l1', 'fit_intercept': False, 'seed': 1234}",3,0.3,0.426813880126183,0.4585404428377768,0.6858671728922292
450,logistic_reg,"{'C': 0.01, 'penalty': 'l2', 'fit_intercept': True, 'seed': 1234}",3,0.01,0.5110410094637224,0.018300948938093087,0.6880935164301656
451,logistic_reg,"{'C': 0.01, 'penalty': 'l2', 'fit_intercept': True, 'seed': 1234}",3,0.05,0.5091482649842272,0.09116583822864889,0.6880935164301656
452,logistic_reg,"{'C': 0.01, 'penalty': 'l2', 'fit_intercept': True, 'seed': 1234}",3,0.1,0.48769716088328074,0.1746497966561229,0.6880935164301656
453,logistic_reg,"{'C': 0.01, 'penalty': 'l2', 'fit_intercept': True, 'seed': 1234}",3,0.2,0.4564668769716088,0.32693176683235425,0.6880935164301656
454,logistic_reg,"{'C': 0.01, 'penalty': 'l2', 'fit_intercept': True, 'seed': 1234}",3,0.3,0.42902208201892744,0.4609127880704925,0.6880935164301656
455,logistic_reg,"{'C': 0.01, 'penalty': 'l2', 'fit_intercept': False, 'seed': 1234}",3,0.01,0.5141955835962145,0.0184139177586986,0.688058958353315
456,logistic_reg,"{'C': 0.01, 'penalty': 'l2', 'fit_intercept': False, 'seed': 1234}",3,0.05,0.5116719242902208,0.09161771351107094,0.688058958353315
457,logistic_reg,"{'C': 0.01, 'penalty': 'l2', 'fit_intercept': False, 'seed': 1234}",3,0.1,0.48769716088328074,0.1746497966561229,0.688058958353315
458,logistic_reg,"{'C': 0.01, 'penalty': 'l2', 'fit_intercept': False, 'seed': 1234}",3,0.2,0.4564668769716088,0.32693176683235425,0.688058958353315
459,logistic_reg,"{'C': 0.01, 'penalty': 'l2', 'fit_intercept': False, 'seed': 1234}",3,0.3,0.42839116719242903,0.46023497514685946,0.688058958353315
460,logistic_reg,"{'C': 1, 'penalty': 'l1', 'fit_intercept': True, 'seed': 1234}",3,0.01,0.5615141955835962,0.02010845006778129,0.6816288867948594
461,logistic_reg,"{'C': 1, 'penalty': 'l1', 'fit_intercept': True, 'seed': 1234}",3,0.05,0.5141955835962145,0.092069588793493,0.6816288867948594
462,logistic_reg,"{'C': 1, 'penalty': 'l1', 'fit_intercept': True, 'seed': 1234}",3,0.1,0.48832807570977915,0.17487573429733394,0.6816288867948594
463,logistic_reg,"{'C': 1, 'penalty': 'l1', 'fit_intercept': True, 'seed': 1234}",3,0.2,0.4537854889589905,0.32501129688206054,0.6816288867948594
464,logistic_reg,"{'C': 1, 'penalty': 'l1', 'fit_intercept': True, 'seed': 1234}",3,0.3,0.428286014721346,0.46012200632625394,0.6816288867948594
465,logistic_reg,"{'C': 1, 'penalty': 'l1', 'fit_intercept': False, 'seed': 1234}",3,0.01,0.5632911392405063,0.02010845006778129,0.6816369404582628
466,logistic_reg,"{'C': 1, 'penalty': 'l1', 'fit_intercept': False, 'seed': 1234}",3,0.05,0.5135646687697161,0.09195661997288748,0.6816369404582628
467,logistic_reg,"{'C': 1, 'penalty': 'l1', 'fit_intercept': False, 'seed': 1234}",3,0.1,0.4886435331230284,0.17498870311793946,0.6816369404582628
468,logistic_reg,"{'C': 1, 'penalty': 'l1', 'fit_intercept': False, 'seed': 1234}",3,0.2,0.4537854889589905,0.32501129688206054,0.6816369404582628
469,logistic_reg,"{'C': 1, 'penalty': 'l1', 'fit_intercept': False, 'seed': 1234}",3,0.3,0.4280757097791798,0.4598960686850429,0.6816369404582628
470,logistic_reg,"{'C': 1, 'penalty': 'l2', 'fit_intercept': True, 'seed': 1234}",3,0.01,0.5520504731861199,0.019769543605964755,0.6817527915905714
471,logistic_reg,"{'C': 1, 'penalty': 'l2', 'fit_intercept': True, 'seed': 1234}",3,0.05,0.510410094637224,0.09139177586985991,0.6817527915905714
472,logistic_reg,"{'C': 1, 'penalty': 'l2', 'fit_intercept': True, 'seed': 1234}",3,0.1,0.489589905362776,0.175327609579756,0.6817527915905714
473,logistic_reg,"{'C': 1, 'penalty': 'l2', 'fit_intercept': True, 'seed': 1234}",3,0.2,0.4537854889589905,0.32501129688206054,0.6817527915905714
474,logistic_reg,"{'C': 1, 'penalty': 'l2', 'fit_intercept': True, 'seed': 1234}",3,0.3,0.4284963196635121,0.460347943967465,0.6817527915905714
475,logistic_reg,"{'C': 1, 'penalty': 'l2', 'fit_intercept': False, 'seed': 1234}",3,0.01,0.5488958990536278,0.019656574785359242,0.6817504877187812
476,logistic_reg,"{'C': 1, 'penalty': 'l2', 'fit_intercept': False, 'seed': 1234}",3,0.05,0.51010101010101,0.09127880704925441,0.6817504877187812
477,logistic_reg,"{'C': 1, 'penalty': 'l2', 'fit_intercept': False, 'seed': 1234}",3,0.1,0.489589905362776,0.175327609579756,0.6817504877187812
478,logistic_reg,"{'C': 1, 'penalty': 'l2', 'fit_intercept': False, 'seed': 1234}",3,0.2,0.45394321766561513,0.32512426570266606,0.6817504877187812
479,logistic_reg,"{'C': 1, 'penalty': 'l2', 'fit_intercept': False, 'seed': 1234}",3,0.3,0.4284963196635121,0.460347943967465,0.6817504877187812
480,logistic_reg,"{'C': 100, 'penalty': 'l1', 'fit_intercept': True, 'seed': 1234}",3,0.01,0.5488958990536278,0.019656574785359242,0.6813086041206675
481,logistic_reg,"{'C': 100, 'penalty': 'l1', 'fit_intercept': True, 'seed': 1234}",3,0.05,0.5097791798107255,0.09127880704925441,0.6813086041206675
482,logistic_reg,"{'C': 100, 'penalty': 'l1', 'fit_intercept': True, 'seed': 1234}",3,0.1,0.49053627760252366,0.17566651604157252,0.6813086041206675
483,logistic_reg,"{'C': 100, 'penalty': 'l1', 'fit_intercept': True, 'seed': 1234}",3,0.2,0.454416403785489,0.3254631721644826,0.6813086041206675
484,logistic_reg,"{'C': 100, 'penalty': 'l1', 'fit_intercept': True, 'seed': 1234}",3,0.3,0.42839116719242903,0.46023497514685946,0.6813086041206675
485,logistic_reg,"{'C': 100, 'penalty': 'l1', 'fit_intercept': False, 'seed': 1234}",3,0.01,0.5488958990536278,0.019656574785359242,0.681314512118069
486,logistic_reg,"{'C': 100, 'penalty': 'l1', 'fit_intercept': False, 'seed': 1234}",3,0.05,0.5097791798107255,0.09127880704925441,0.681314512118069
487,logistic_reg,"{'C': 100, 'penalty': 'l1', 'fit_intercept': False, 'seed': 1234}",3,0.1,0.49053627760252366,0.17566651604157252,0.681314512118069
488,logistic_reg,"{'C': 100, 'penalty': 'l1', 'fit_intercept': False, 'seed': 1234}",3,0.2,0.45410094637223974,0.3252372345232716,0.681314512118069
489,logistic_reg,"{'C': 100, 'penalty': 'l1', 'fit_intercept': False, 'seed': 1234}",3,0.3,0.42839116719242903,0.46023497514685946,0.681314512118069
490,logistic_reg,"{'C': 100, 'penalty': 'l2', 'fit_intercept': True, 'seed': 1234}",3,0.01,0.5520504731861199,0.019769543605964755,0.6813212655276509
491,logistic_reg,"{'C': 100, 'penalty': 'l2', 'fit_intercept': True, 'seed': 1234}",3,0.05,0.5097791798107255,0.09127880704925441,0.6813212655276509
492,logistic_reg,"{'C': 100, 'penalty': 'l2', 'fit_intercept': True, 'seed': 1234}",3,0.1,0.4908517350157729,0.17577948486217804,0.6813212655276509
493,logistic_reg,"{'C': 100, 'penalty': 'l2', 'fit_intercept': True, 'seed': 1234}",3,0.2,0.4545741324921136,0.32557614098508814,0.6813212655276509
494,logistic_reg,"{'C': 100, 'penalty': 'l2', 'fit_intercept': True, 'seed': 1234}",3,0.3,0.42839116719242903,0.46023497514685946,0.6813212655276509
495,logistic_reg,"{'C': 100, 'penalty': 'l2', 'fit_intercept': False, 'seed': 1234}",3,0.01,0.5488958990536278,0.019656574785359242,0.6813235001844086
496,logistic_reg,"{'C': 100, 'penalty': 'l2', 'fit_intercept': False, 'seed': 1234}",3,0.05,0.5097791798107255,0.09127880704925441,0.6813235001844086
497,logistic_reg,"{'C': 100, 'penalty': 'l2', 'fit_intercept': False, 'seed': 1234}",3,0.1,0.49022082018927443,0.17555354722096703,0.6813235001844086
498,logistic_reg,"{'C': 100, 'penalty': 'l2', 'fit_intercept': False, 'seed': 1234}",3,0.2,0.45425867507886436,0.3253502033438771,0.6813235001844086
499,logistic_reg,"{'C': 100, 'penalty': 'l2', 'fit_intercept': False, 'seed': 1234}",3,0.3,0.42839116719242903,0.46023497514685946,0.6813235001844086
500,svm,"{'C': 0.01, 'seed': 1234}",3,0.01,0.5457413249211357,0.019543605964753727,0.6848767033077864
501,svm,"{'C': 0.01, 'seed': 1234}",3,0.05,0.5192429022082019,0.0929733393583371,0.6848767033077864
502,svm,"{'C': 0.01, 'seed': 1234}",3,0.1,0.4922639722134512,0.17611839132399457,0.6848767033077864
503,svm,"{'C': 0.01, 'seed': 1234}",3,0.2,0.4550473186119874,0.32591504744690464,0.6848767033077864
504,svm,"{'C': 0.01, 'seed': 1234}",3,0.3,0.42902208201892744,0.4609127880704925,0.6848767033077864
505,svm,"{'C': 0.1, 'seed': 1234}",3,0.01,0.5457413249211357,0.019543605964753727,0.6832107568070511
506,svm,"{'C': 0.1, 'seed': 1234}",3,0.05,0.5167192429022082,0.09252146407591505,0.6832107568070511
507,svm,"{'C': 0.1, 'seed': 1234}",3,0.1,0.4914826498422713,0.17600542250338908,0.6832107568070511
508,svm,"{'C': 0.1, 'seed': 1234}",3,0.2,0.45615141955835964,0.32670582919114327,0.6832107568070511
509,svm,"{'C': 0.1, 'seed': 1234}",3,0.3,0.4280757097791798,0.4598960686850429,0.6832107568070511
510,svm,"{'C': 1, 'seed': 1234}",3,0.01,0.5362776025236593,0.01920469950293719,0.6829398244509023
511,svm,"{'C': 1, 'seed': 1234}",3,0.05,0.5167192429022082,0.09252146407591505,0.6829398244509023
512,svm,"{'C': 1, 'seed': 1234}",3,0.1,0.4921135646687697,0.17623136014460009,0.6829398244509023
513,svm,"{'C': 1, 'seed': 1234}",3,0.2,0.45665561345333966,0.32670582919114327,0.6829398244509023
514,svm,"{'C': 1, 'seed': 1234}",3,0.3,0.4280757097791798,0.4598960686850429,0.6829398244509023
515,svm,"{'C': 10, 'seed': 1234}",3,0.01,0.5520504731861199,0.019769543605964755,0.6814125057720393
516,svm,"{'C': 10, 'seed': 1234}",3,0.05,0.5129337539432177,0.09184365115228198,0.6814125057720393
517,svm,"{'C': 10, 'seed': 1234}",3,0.1,0.4848580441640379,0.17363307727067329,0.6814125057720393
518,svm,"{'C': 10, 'seed': 1234}",3,0.2,0.45741324921135645,0.32760957975598737,0.6814125057720393
519,svm,"{'C': 10, 'seed': 1234}",3,0.3,0.42923238696109356,0.46113872571170356,0.6814125057720393
520,svm,"{'C': 100, 'seed': 1234}",3,0.01,0.501577287066246,0.017962042476276547,0.6255089579083613
521,svm,"{'C': 100, 'seed': 1234}",3,0.05,0.43154574132492113,0.07727067329417081,0.6255089579083613
522,svm,"{'C': 100, 'seed': 1234}",3,0.1,0.42050473186119874,0.15058743786714868,0.6255089579083613
523,svm,"{'C': 100, 'seed': 1234}",3,0.2,0.4026813880126183,0.28840939900587437,0.6255089579083613
524,svm,"{'C': 100, 'seed': 1234}",3,0.3,0.3832807570977918,0.41177135110709445,0.6255089579083613
